state_name,precincts,numDistricts,totaltime
map_HI_cty_weights,461,2,6.7439117431640625
map_ID_cty_weights,931,2,9.040796995162964
map_ME_cty_weights,401,2,2.7641241550445557
map_MT_cty_weights,666,2,24.844556093215942
map_NH_cty_weights,326,2,3.655928134918213
map_RI_cty_weights,423,2,5.671977996826172
map_WV_cty_weights,55,2,1.4244821071624756
map_NE_cty_weights,1402,3,99.87139391899109
map_NM_cty_weights,1977,3,41.41088533401489
map_AR_cty_weights,2747,4,1434.306967973709
