district,runtime
0,33.02647137641907
1,8.384413957595825
sum,41.41088533401489
numPrecincts,1977
