district,runtime
0,4.659900903701782
sum,4.659900903701782
numPrecincts,401
