district,runtime
0,3.655928134918213
sum,3.655928134918213
numPrecincts,326
