district,runtime
0,1.328901767730713
sum,1.328901767730713
numPrecincts,55
