district,runtime
0,3.498466968536377
1,3.003443956375122
2,2.4917173385620117
sum,8.99362826347351
numPrecincts,99
