district,runtime
0,117.52941513061523
1,27.998659133911133
sum,145.52807426452637
numPrecincts,1402
