district,runtime
0,29.653966903686523
1,8.512805700302124
sum,38.16677260398865
numPrecincts,1977
