district,runtime
0,5.671977996826172
sum,5.671977996826172
numPrecincts,423
