district,runtime
0,3.1729490756988525
sum,3.1729490756988525
numPrecincts,401
