district,runtime
0,8.901864290237427
sum,8.901864290237427
numPrecincts,931
