district,runtime
0,6.750009059906006
sum,6.750009059906006
numPrecincts,423
