district,runtime
0,6.895339012145996
sum,6.895339012145996
numPrecincts,326
