district,runtime
0,7.228171110153198
sum,7.228171110153198
numPrecincts,461
