district,runtime
0,8.904932975769043
sum,8.904932975769043
numPrecincts,931
