district,runtime
0,12.031982183456421
sum,12.031982183456421
numPrecincts,423
