district,runtime
0,1.3145170211791992
sum,1.3145170211791992
numPrecincts,55
