district,runtime
0,32.34858703613281
1,54.41530084609985
2,12.682360172271729
3,3.7227818965911865
sum,103.16902995109558
numPrecincts,766
