district,runtime
0,758.343554019928
1,364.42495012283325
2,137.82659316062927
sum,1260.5950973033905
numPrecincts,1834
