district,runtime
0,411.88473320007324
1,76.68318605422974
sum,488.567919254303
numPrecincts,1402
