district,runtime
0,6.7439117431640625
sum,6.7439117431640625
numPrecincts,461
