district,runtime
0,10.67972207069397
sum,10.67972207069397
numPrecincts,423
