district,runtime
0,2730.971904039383
1,9703.801831960678
2,1270.0911190509796
sum,13704.86485505104
numPrecincts,4240
