district,runtime
0,4.28401780128479
1,3.2603912353515625
2,3.5435383319854736
sum,11.087947368621826
numPrecincts,99
