district,runtime
0,6.877126932144165
sum,6.877126932144165
numPrecincts,461
