district,runtime
0,2.7641241550445557
sum,2.7641241550445557
numPrecincts,401
