district,runtime
0,4.315624952316284
sum,4.315624952316284
numPrecincts,326
