district,runtime
0,2.8476028442382812
sum,2.8476028442382812
numPrecincts,401
