district,runtime
0,112.32547307014465
1,78.94467687606812
sum,191.27014994621277
numPrecincts,1977
