district,runtime
0,472.52065205574036
1,223.40422296524048
sum,695.9248750209808
numPrecincts,1977
