district,runtime
0,1.2801759243011475
sum,1.2801759243011475
numPrecincts,55
