district,runtime
0,180.2149338722229
1,193.1603660583496
sum,373.3752999305725
numPrecincts,1977
