district,runtime
0,11.246823787689209
sum,11.246823787689209
numPrecincts,461
