district,runtime
0,1.2905049324035645
sum,1.2905049324035645
numPrecincts,55
