district,runtime
0,18.0574791431427
sum,18.0574791431427
numPrecincts,666
