district,runtime
0,11.625319242477417
sum,11.625319242477417
numPrecincts,931
