district,runtime
0,3.0541019439697266
sum,3.0541019439697266
numPrecincts,401
