district,runtime
0,6.7767791748046875
sum,6.7767791748046875
numPrecincts,423
