district,runtime
0,628.7769560813904
1,294.6675000190735
2,164.56010603904724
sum,1088.004562139511
numPrecincts,1834
