district,runtime
0,8.90364694595337
sum,8.90364694595337
numPrecincts,423
