district,runtime
0,497.2228219509125
1,347.07164001464844
2,85.88539624214172
sum,930.1798582077026
numPrecincts,1834
