district,runtime
0,3.8085896968841553
sum,3.8085896968841553
numPrecincts,326
