district,runtime
0,1.2543270587921143
sum,1.2543270587921143
numPrecincts,55
