district,runtime
0,748.6094679832458
1,396.4337980747223
2,289.26370191574097
sum,1434.306967973709
numPrecincts,2747
