district,runtime
0,4.778830051422119
1,3.540726900100708
2,3.768033027648926
sum,12.087589979171753
numPrecincts,99
