district,runtime
0,9.040796995162964
sum,9.040796995162964
numPrecincts,931
