district,runtime
0,19.460222959518433
1,8.241128921508789
2,3.1720848083496094
3,2.76845121383667
sum,33.6418879032135
numPrecincts,766
