district,runtime
0,504.419499874115
1,433.40051889419556
2,81.04762411117554
sum,1018.8676428794861
numPrecincts,1834
