district,runtime
0,-3.3585569858551025
1,-2.812847137451172
2,-3.5838239192962646
Sum:,-9.755228042602539
