district,runtime
0,9.8318350315094
sum,9.8318350315094
numPrecincts,461
