district,runtime
0,15.735399961471558
sum,15.735399961471558
numPrecincts,666
