district,runtime
0,23.796135902404785
1,43.413281202316284
2,12.686999082565308
3,3.7120680809020996
sum,83.60848426818848
numPrecincts,766
