district,runtime
0,66.78733611106873
1,33.08405780792236
sum,99.87139391899109
numPrecincts,1402
