district,runtime
0,182.55773186683655
1,36.80224299430847
sum,219.35997486114502
numPrecincts,1402
