district,runtime
0,340.36065101623535
1,75.4235372543335
sum,415.78418827056885
numPrecincts,1402
