district,runtime
0,16.20390820503235
sum,16.20390820503235
numPrecincts,666
