district,runtime
0,24.844556093215942
sum,24.844556093215942
numPrecincts,666
