district,runtime
0,11.520266056060791
sum,11.520266056060791
numPrecincts,931
