district,runtime
0,8.635841131210327
sum,8.635841131210327
numPrecincts,326
