district,runtime
0,17.707453966140747
sum,17.707453966140747
numPrecincts,666
