district,runtime
0,4.2627949714660645
sum,4.2627949714660645
numPrecincts,326
