district,runtime
0,33.779054164886475
1,54.62051701545715
2,18.87012815475464
3,2.841456890106201
sum,110.11115622520447
numPrecincts,766
