district,runtime
0,7.798758029937744
sum,7.798758029937744
numPrecincts,461
