district,runtime
0,4.68937611579895
sum,4.68937611579895
numPrecincts,401
