district,runtime
0,1.4244821071624756
sum,1.4244821071624756
numPrecincts,55
