district,runtime
0,11.947772979736328
sum,11.947772979736328
numPrecincts,931
