district,runtime
0,177.0846610069275
1,32.07762384414673
sum,209.16228485107422
numPrecincts,1402
