district,runtime
0,26.64599895477295
sum,26.64599895477295
numPrecincts,666
